Andaman and Nicobar Islands UT,35,Houselisting-housing-Andaman.html,3,Nicobars,3501,PCA CDB-3501-F-Census.xlsx
Andaman and Nicobar Islands UT,35,Houselisting-housing-Andaman.html,3,North & Middle Andaman,3502,PCA CDB-3502-F-Census.xlsx
Andaman and Nicobar Islands UT,35,Houselisting-housing-Andaman.html,3,South Andaman,3503,PCA CDB-3503-F-Census.xlsx
Haryana,06,Houselisting-housing-HARYANA.html,21,Ambala,0602,PCA CDB-0602-F-Census.xlsx
Haryana,06,Houselisting-housing-HARYANA.html,21,Bhiwani,0613,PCA CDB-0613-F-Census.xlsx
Haryana,06,Houselisting-housing-HARYANA.html,21,Faridabad,0620,PCA CDB-0620-F-Census.xlsx
Haryana,06,Houselisting-housing-HARYANA.html,21,Fatehabad,0610,PCA CDB-0610-F-Census.xlsx
Haryana,06,Houselisting-housing-HARYANA.html,21,Gurgaon,0618,PCA CDB-0618-F-Census.xlsx
Haryana,06,Houselisting-housing-HARYANA.html,21,Hisar,0612,PCA CDB-0612-F-Census.xlsx
Haryana,06,Houselisting-housing-HARYANA.html,21,Jhajjar,0615,PCA CDB-0615-F-Census.xlsx
Haryana,06,Houselisting-housing-HARYANA.html,21,Jind,0609,PCA CDB-0609-F-Census.xlsx
Haryana,06,Houselisting-housing-HARYANA.html,21,Kaithal,0605,PCA CDB-0605-F-Census.xlsx
Haryana,06,Houselisting-housing-HARYANA.html,21,Karnal,0606,PCA CDB-0606-F-Census.xlsx
Haryana,06,Houselisting-housing-HARYANA.html,21,Kurukshetra,0604,PCA CDB-0604-F-Census.xlsx
Haryana,06,Houselisting-housing-HARYANA.html,21,Mahendragarh,0616,PCA CDB-0616-F-Census.xlsx
Haryana,06,Houselisting-housing-HARYANA.html,21,Mewat,0619,PCA CDB-0619-F-Census.xlsx
Haryana,06,Houselisting-housing-HARYANA.html,21,Palwal,0621,PCA CDB-0621-F-Census.xlsx
Haryana,06,Houselisting-housing-HARYANA.html,21,Panchkula,0601,PCA CDB-0601-F-Census.xlsx
Haryana,06,Houselisting-housing-HARYANA.html,21,Panipat,0607,PCA CDB-0607-F-Census.xlsx
Haryana,06,Houselisting-housing-HARYANA.html,21,Rewari,0617,PCA CDB-0617-F-Census.xlsx
Haryana,06,Houselisting-housing-HARYANA.html,21,Rohtak,0614,PCA CDB-0614-F-Census.xlsx
Haryana,06,Houselisting-housing-HARYANA.html,21,Sirsa,0611,PCA CDB-0611-F-Census.xlsx
Haryana,06,Houselisting-housing-HARYANA.html,21,Sonipat,0608,PCA CDB-0608-F-Census.xlsx
Haryana,06,Houselisting-housing-HARYANA.html,21,Yamunanagar,0603,PCA CDB-0603-F-Census.xlsx
Nagaland,13,Houselisting-housing-NAGALAND.html,11,Dimapur,1305,PCA CDB-1305-F-Census.xlsx
Nagaland,13,Houselisting-housing-NAGALAND.html,11,Kiphire,1309,PCA CDB-1309-F-Census.xlsx
Nagaland,13,Houselisting-housing-NAGALAND.html,11,Kohima,1310,PCA CDB-1310-F-Census.xlsx
Nagaland,13,Houselisting-housing-NAGALAND.html,11,Longleng,1308,PCA CDB-1308-F-Census.xlsx
Nagaland,13,Houselisting-housing-NAGALAND.html,11,Mokokchung,1302,PCA CDB-1302-F-Census.xlsx
Nagaland,13,Houselisting-housing-NAGALAND.html,11,Mon,1301,PCA CDB-1301-F-Census.xlsx
Nagaland,13,Houselisting-housing-NAGALAND.html,11,Peren,1311,PCA CDB-1311-F-Census.xlsx
Nagaland,13,Houselisting-housing-NAGALAND.html,11,Phek,1306,PCA CDB-1306-F-Census.xlsx
Nagaland,13,Houselisting-housing-NAGALAND.html,11,Tuensang,1307,PCA CDB-1307-F-Census.xlsx
Nagaland,13,Houselisting-housing-NAGALAND.html,11,Wokha,1304,PCA CDB-1304-F-Census.xlsx
Nagaland,13,Houselisting-housing-NAGALAND.html,11,Zunheboto,1303,PCA CDB-1303-F-Census.xlsx
Andhra Pradesh,28,Houselisting-housing-AP.html,23,Adilabad,2801,PCA CDB-2801-F-Census.xlsx
Andhra Pradesh,28,Houselisting-housing-AP.html,23,Anantapur,2822,PCA CDB-2822-F-Census.xlsx
Andhra Pradesh,28,Houselisting-housing-AP.html,23,Chittoor,2823,PCA CDB-2823-F-Census.xlsx
Andhra Pradesh,28,Houselisting-housing-AP.html,23,East Godavari,2814,PCA CDB-2814-F-Census.xlsx
Andhra Pradesh,28,Houselisting-housing-AP.html,23,Guntur,2817,PCA CDB-2817-F-Census.xlsx
Andhra Pradesh,28,Houselisting-housing-AP.html,23,Hyderabad,2805,PCA CDB-2805-F-Census.xlsx
Andhra Pradesh,28,Houselisting-housing-AP.html,23,Karimnagar,2803,PCA CDB-2803-F-Census.xlsx
Andhra Pradesh,28,Houselisting-housing-AP.html,23,Khammam,2810,PCA CDB-2810-F-Census.xlsx
Andhra Pradesh,28,Houselisting-housing-AP.html,23,Krishna,2816,PCA CDB-2816-F-Census.xlsx
Andhra Pradesh,28,Houselisting-housing-AP.html,23,Kurnool,2821,PCA CDB-2821-F-Census.xlsx
Andhra Pradesh,28,Houselisting-housing-AP.html,23,Mahbubnagar,2807,PCA CDB-2807-F-Census.xlsx
Andhra Pradesh,28,Houselisting-housing-AP.html,23,Medak,2804,PCA CDB-2804-F-Census.xlsx
Andhra Pradesh,28,Houselisting-housing-AP.html,23,Nalgonda,2808,PCA CDB-2808-F-Census.xlsx
Andhra Pradesh,28,Houselisting-housing-AP.html,23,Nizamabad,2802,PCA CDB-2802-F-Census.xlsx
Andhra Pradesh,28,Houselisting-housing-AP.html,23,Prakasam,2818,PCA CDB-2818-F-Census.xlsx
Andhra Pradesh,28,Houselisting-housing-AP.html,23,Rangareddy,2806,PCA CDB-2806-F-Census.xlsx
Andhra Pradesh,28,Houselisting-housing-AP.html,23,Sri Potti Sriramulu Nellore,2819,PCA CDB-2819-F-Census.xlsx
Andhra Pradesh,28,Houselisting-housing-AP.html,23,Srikakulam,2811,PCA CDB-2811-F-Census.xlsx
Andhra Pradesh,28,Houselisting-housing-AP.html,23,Visakhapatnam,2813,PCA CDB-2813-F-Census.xlsx
Andhra Pradesh,28,Houselisting-housing-AP.html,23,Vizianagaram,2812,PCA CDB-2812-F-Census.xlsx
Andhra Pradesh,28,Houselisting-housing-AP.html,23,Warangal,2809,PCA CDB-2809-F-Census.xlsx
Andhra Pradesh,28,Houselisting-housing-AP.html,23,West Godavari,2815,PCA CDB-2815-F-Census.xlsx
Andhra Pradesh,28,Houselisting-housing-AP.html,23,Y.S.R.,2820,PCA CDB-2820-F-Census.xlsx
Himachal Pradesh,02,Houselisting-housing-Himachal_Pradesh.html,12,Bilaspur,0208,PCA CDB-0208-F-Census.xlsx
Himachal Pradesh,02,Houselisting-housing-Himachal_Pradesh.html,12,Chamba,0201,PCA CDB-0201-F-Census.xlsx
Himachal Pradesh,02,Houselisting-housing-Himachal_Pradesh.html,12,Hamirpur,0206,PCA CDB-0206-F-Census.xlsx
Himachal Pradesh,02,Houselisting-housing-Himachal_Pradesh.html,12,Kangra,0202,PCA CDB-0202-F-Census.xlsx
Himachal Pradesh,02,Houselisting-housing-Himachal_Pradesh.html,12,Kinnaur,0212,PCA CDB-0212-F-Census.xlsx
Himachal Pradesh,02,Houselisting-housing-Himachal_Pradesh.html,12,Kullu,0204,PCA CDB-0204-F-Census.xlsx
Himachal Pradesh,02,Houselisting-housing-Himachal_Pradesh.html,12,Lahul & Spiti,0203,PCA CDB-0203-F-Census.xlsx
Himachal Pradesh,02,Houselisting-housing-Himachal_Pradesh.html,12,Mandi,0205,PCA CDB-0205-F-Census.xlsx
Himachal Pradesh,02,Houselisting-housing-Himachal_Pradesh.html,12,Shimla,0211,PCA CDB-0211-F-Census.xlsx
Himachal Pradesh,02,Houselisting-housing-Himachal_Pradesh.html,12,Sirmaur,0210,PCA CDB-0210-F-Census.xlsx
Himachal Pradesh,02,Houselisting-housing-Himachal_Pradesh.html,12,Solan,0209,PCA CDB-0209-F-Census.xlsx
Himachal Pradesh,02,Houselisting-housing-Himachal_Pradesh.html,12,Una,0207,PCA CDB-0207-F-Census.xlsx
Odisha,21,Houselisting-housing-OR.html,30,Anugul,2115,PCA CDB-2115-F-Census.xlsx
Odisha,21,Houselisting-housing-OR.html,30,Balangir,2124,PCA CDB-2124-F-Census.xlsx
Odisha,21,Houselisting-housing-OR.html,30,Baleshwar,2108,PCA CDB-2108-F-Census.xlsx
Odisha,21,Houselisting-housing-OR.html,30,Bargarh,2101,PCA CDB-2101-F-Census.xlsx
Odisha,21,Houselisting-housing-OR.html,30,Baudh,2122,PCA CDB-2122-F-Census.xlsx
Odisha,21,Houselisting-housing-OR.html,30,Bhadrak,2109,PCA CDB-2109-F-Census.xlsx
Odisha,21,Houselisting-housing-OR.html,30,Cuttack,2112,PCA CDB-2112-F-Census.xlsx
Odisha,21,Houselisting-housing-OR.html,30,Debagarh,2104,PCA CDB-2104-F-Census.xlsx
Odisha,21,Houselisting-housing-OR.html,30,Dhenkanal,2114,PCA CDB-2114-F-Census.xlsx
Odisha,21,Houselisting-housing-OR.html,30,Gajapati,2120,PCA CDB-2120-F-Census.xlsx
Odisha,21,Houselisting-housing-OR.html,30,Ganjam,2119,PCA CDB-2119-F-Census.xlsx
Odisha,21,Houselisting-housing-OR.html,30,Jagatsinghapur,2111,PCA CDB-2111-F-Census.xlsx
Odisha,21,Houselisting-housing-OR.html,30,Jajapur,2113,PCA CDB-2113-F-Census.xlsx
Odisha,21,Houselisting-housing-OR.html,30,Jharsuguda,2102,PCA CDB-2102-F-Census.xlsx
Odisha,21,Houselisting-housing-OR.html,30,Kalahandi,2126,PCA CDB-2126-F-Census.xlsx
Odisha,21,Houselisting-housing-OR.html,30,Kandhamal,2121,PCA CDB-2121-F-Census.xlsx
Odisha,21,Houselisting-housing-OR.html,30,Kendrapara,2110,PCA CDB-2110-F-Census.xlsx
Odisha,21,Houselisting-housing-OR.html,30,Kendujhar,2106,PCA CDB-2106-F-Census.xlsx
Odisha,21,Houselisting-housing-OR.html,30,Khordha,2117,PCA CDB-2117-F-Census.xlsx
Odisha,21,Houselisting-housing-OR.html,30,Koraput,2129,PCA CDB-2129-F-Census.xlsx
Odisha,21,Houselisting-housing-OR.html,30,Malkangiri,2130,PCA CDB-2130-F-Census.xlsx
Odisha,21,Houselisting-housing-OR.html,30,Mayurbhanj,2107,PCA CDB-2107-F-Census.xlsx
Odisha,21,Houselisting-housing-OR.html,30,Nabarangapur,2128,PCA CDB-2128-F-Census.xlsx
Odisha,21,Houselisting-housing-OR.html,30,Nayagarh,2116,PCA CDB-2116-F-Census.xlsx
Odisha,21,Houselisting-housing-OR.html,30,Nuapada,2125,PCA CDB-2125-F-Census.xlsx
Odisha,21,Houselisting-housing-OR.html,30,Puri,2118,PCA CDB-2118-F-Census.xlsx
Odisha,21,Houselisting-housing-OR.html,30,Rayagada,2127,PCA CDB-2127-F-Census.xlsx
Odisha,21,Houselisting-housing-OR.html,30,Sambalpur,2103,PCA CDB-2103-F-Census.xlsx
Odisha,21,Houselisting-housing-OR.html,30,Subarnapur,2123,PCA CDB-2123-F-Census.xlsx
Odisha,21,Houselisting-housing-OR.html,30,Sundargarh,2105,PCA CDB-2105-F-Census.xlsx
Arunachal Pradesh,12,Houselisting-housing-Aurnachal_Pradesh.html,16,Anjaw,1216,PCA CDB-1216-F-Census.xlsx
Arunachal Pradesh,12,Houselisting-housing-Aurnachal_Pradesh.html,16,Changlang,1209,PCA CDB-1209-F-Census.xlsx
Arunachal Pradesh,12,Houselisting-housing-Aurnachal_Pradesh.html,16,Dibang Valley,1213,PCA CDB-1213-F-Census.xlsx
Arunachal Pradesh,12,Houselisting-housing-Aurnachal_Pradesh.html,16,East Kameng,1203,PCA CDB-1203-F-Census.xlsx
Arunachal Pradesh,12,Houselisting-housing-Aurnachal_Pradesh.html,16,East Siang,1207,PCA CDB-1207-F-Census.xlsx
Arunachal Pradesh,12,Houselisting-housing-Aurnachal_Pradesh.html,16,Kurung Kumey,1212,PCA CDB-1212-F-Census.xlsx
Arunachal Pradesh,12,Houselisting-housing-Aurnachal_Pradesh.html,16,Lohit,1215,PCA CDB-1215-F-Census.xlsx
Arunachal Pradesh,12,Houselisting-housing-Aurnachal_Pradesh.html,16,Lower Dibang Valley,1214,PCA CDB-1214-F-Census.xlsx
Arunachal Pradesh,12,Houselisting-housing-Aurnachal_Pradesh.html,16,Lower Subansiri,1211,PCA CDB-1211-F-Census.xlsx
Arunachal Pradesh,12,Houselisting-housing-Aurnachal_Pradesh.html,16,Papum Pare,1204,PCA CDB-1204-F-Census.xlsx
Arunachal Pradesh,12,Houselisting-housing-Aurnachal_Pradesh.html,16,Tawang,1201,PCA CDB-1201-F-Census.xlsx
Arunachal Pradesh,12,Houselisting-housing-Aurnachal_Pradesh.html,16,Tirap,1210,PCA CDB-1210-F-Census.xlsx
Arunachal Pradesh,12,Houselisting-housing-Aurnachal_Pradesh.html,16,Upper Siang,1208,PCA CDB-1208-F-Census.xlsx
Arunachal Pradesh,12,Houselisting-housing-Aurnachal_Pradesh.html,16,Upper Subansiri,1205,PCA CDB-1205-F-Census.xlsx
Arunachal Pradesh,12,Houselisting-housing-Aurnachal_Pradesh.html,16,West Kameng,1202,PCA CDB-1202-F-Census.xlsx
Arunachal Pradesh,12,Houselisting-housing-Aurnachal_Pradesh.html,16,West Siang,1206,PCA CDB-1206-F-Census.xlsx
Jammu & Kashmir,01,Houselisting-housing-Jamu_&kasmir.html,22,Anantnag,0114,PCA CDB-0114-F-Census.xlsx
Jammu & Kashmir,01,Houselisting-housing-Jamu_&kasmir.html,22,Badgam,0102,PCA CDB-0102-F-Census.xlsx
Jammu & Kashmir,01,Houselisting-housing-Jamu_&kasmir.html,22,Bandipore,0109,PCA CDB-0109-F-Census.xlsx
Jammu & Kashmir,01,Houselisting-housing-Jamu_&kasmir.html,22,Baramula,0108,PCA CDB-0108-F-Census.xlsx
Jammu & Kashmir,01,Houselisting-housing-Jamu_&kasmir.html,22,Doda,0116,PCA CDB-0116-F-Census.xlsx
Jammu & Kashmir,01,Houselisting-housing-Jamu_&kasmir.html,22,Ganderbal,0111,PCA CDB-0111-F-Census.xlsx
Jammu & Kashmir,01,Houselisting-housing-Jamu_&kasmir.html,22,Jammu,0121,PCA CDB-0121-F-Census.xlsx
Jammu & Kashmir,01,Houselisting-housing-Jamu_&kasmir.html,22,Kargil,0104,PCA CDB-0104-F-Census.xlsx
Jammu & Kashmir,01,Houselisting-housing-Jamu_&kasmir.html,22,Kathua,0107,PCA CDB-0107-F-Census.xlsx
Jammu & Kashmir,01,Houselisting-housing-Jamu_&kasmir.html,22,Kishtwar,0118,PCA CDB-0118-F-Census.xlsx
Jammu & Kashmir,01,Houselisting-housing-Jamu_&kasmir.html,22,Kulgam,0115,PCA CDB-0115-F-Census.xlsx
Jammu & Kashmir,01,Houselisting-housing-Jamu_&kasmir.html,22,Kupwara,0101,PCA CDB-0101-F-Census.xlsx
Jammu & Kashmir,01,Houselisting-housing-Jamu_&kasmir.html,22,Leh(Ladakh),0103,PCA CDB-0103-F-Census.xlsx
Jammu & Kashmir,01,Houselisting-housing-Jamu_&kasmir.html,22,Pulwama,0112,PCA CDB-0112-F-Census.xlsx
Jammu & Kashmir,01,Houselisting-housing-Jamu_&kasmir.html,22,Punch,0105,PCA CDB-0105-F-Census.xlsx
Jammu & Kashmir,01,Houselisting-housing-Jamu_&kasmir.html,22,Rajouri,0106,PCA CDB-0106-F-Census.xlsx
Jammu & Kashmir,01,Houselisting-housing-Jamu_&kasmir.html,22,Ramban,0117,PCA CDB-0117-F-Census.xlsx
Jammu & Kashmir,01,Houselisting-housing-Jamu_&kasmir.html,22,Reasi,0120,PCA CDB-0120-F-Census.xlsx
Jammu & Kashmir,01,Houselisting-housing-Jamu_&kasmir.html,22,Samba,0122,PCA CDB-0122-F-Census.xlsx
Jammu & Kashmir,01,Houselisting-housing-Jamu_&kasmir.html,22,Shupiyan,0113,PCA CDB-0113-F-Census.xlsx
Jammu & Kashmir,01,Houselisting-housing-Jamu_&kasmir.html,22,Srinagar,0110,PCA CDB-0110-F-Census.xlsx
Jammu & Kashmir,01,Houselisting-housing-Jamu_&kasmir.html,22,Udhampur,0119,PCA CDB-0119-F-Census.xlsx
Puducherry UT,34,Houselisting-housing-PUDUCHERRY.html,2,Karaikal,3404,PCA CDB-3404-F-Census.xlsx
Puducherry UT,34,Houselisting-housing-PUDUCHERRY.html,2,Puducherry,3402,PCA CDB-3402-F-Census.xlsx
Assam,18,Houselisting-housing-Assam.html,27,Baksa,1825,PCA CDB-1825-F-Census.xlsx
Assam,18,Houselisting-housing-Assam.html,27,Barpeta,1804,PCA CDB-1804-F-Census.xlsx
Assam,18,Houselisting-housing-Assam.html,27,Bongaigaon,1820,PCA CDB-1820-F-Census.xlsx
Assam,18,Houselisting-housing-Assam.html,27,Cachar,1817,PCA CDB-1817-F-Census.xlsx
Assam,18,Houselisting-housing-Assam.html,27,Chirang,1821,PCA CDB-1821-F-Census.xlsx
Assam,18,Houselisting-housing-Assam.html,27,Darrang,1826,PCA CDB-1826-F-Census.xlsx
Assam,18,Houselisting-housing-Assam.html,27,Dhemaji,1809,PCA CDB-1809-F-Census.xlsx
Assam,18,Houselisting-housing-Assam.html,27,Dhubri,1802,PCA CDB-1802-F-Census.xlsx
Assam,18,Houselisting-housing-Assam.html,27,Dibrugarh,1811,PCA CDB-1811-F-Census.xlsx
Assam,18,Houselisting-housing-Assam.html,27,Dima Hasao,1816,PCA CDB-1816-F-Census.xlsx
Assam,18,Houselisting-housing-Assam.html,27,Goalpara,1803,PCA CDB-1803-F-Census.xlsx
Assam,18,Houselisting-housing-Assam.html,27,Golaghat,1814,PCA CDB-1814-F-Census.xlsx
Assam,18,Houselisting-housing-Assam.html,27,Hailakandi,1819,PCA CDB-1819-F-Census.xlsx
Assam,18,Houselisting-housing-Assam.html,27,Jorhat,1813,PCA CDB-1813-F-Census.xlsx
Assam,18,Houselisting-housing-Assam.html,27,Kamrup,1822,PCA CDB-1822-F-Census.xlsx
Assam,18,Houselisting-housing-Assam.html,27,Kamrup Metropolitan,1823,PCA CDB-1823-F-Census.xlsx
Assam,18,Houselisting-housing-Assam.html,27,Karbi Anglong,1815,PCA CDB-1815-F-Census.xlsx
Assam,18,Houselisting-housing-Assam.html,27,Karimganj,1818,PCA CDB-1818-F-Census.xlsx
Assam,18,Houselisting-housing-Assam.html,27,Kokrajhar,1801,PCA CDB-1801-F-Census.xlsx
Assam,18,Houselisting-housing-Assam.html,27,Lakhimpur,1808,PCA CDB-1808-F-Census.xlsx
Assam,18,Houselisting-housing-Assam.html,27,Morigaon,1805,PCA CDB-1805-F-Census.xlsx
Assam,18,Houselisting-housing-Assam.html,27,Nagaon,1806,PCA CDB-1806-F-Census.xlsx
Assam,18,Houselisting-housing-Assam.html,27,Nalbari,1824,PCA CDB-1824-F-Census.xlsx
Assam,18,Houselisting-housing-Assam.html,27,Sivasagar,1812,PCA CDB-1812-F-Census.xlsx
Assam,18,Houselisting-housing-Assam.html,27,Sonitpur,1807,PCA CDB-1807-F-Census.xlsx
Assam,18,Houselisting-housing-Assam.html,27,Tinsukia,1810,PCA CDB-1810-F-Census.xlsx
Assam,18,Houselisting-housing-Assam.html,27,Udalguri,1827,PCA CDB-1827-F-Census.xlsx
Jharkhand,20,Houselisting-housing-JK.html,24,Bokaro,2010,PCA CDB-2010-F-Census.xlsx
Jharkhand,20,Houselisting-housing-JK.html,24,Chatra,2002,PCA CDB-2002-F-Census.xlsx
Jharkhand,20,Houselisting-housing-JK.html,24,Deoghar,2005,PCA CDB-2005-F-Census.xlsx
Jharkhand,20,Houselisting-housing-JK.html,24,Dhanbad,2009,PCA CDB-2009-F-Census.xlsx
Jharkhand,20,Houselisting-housing-JK.html,24,Dumka,2017,PCA CDB-2017-F-Census.xlsx
Jharkhand,20,Houselisting-housing-JK.html,24,Garhwa,2001,PCA CDB-2001-F-Census.xlsx
Jharkhand,20,Houselisting-housing-JK.html,24,Giridih,2004,PCA CDB-2004-F-Census.xlsx
Jharkhand,20,Houselisting-housing-JK.html,24,Godda,2006,PCA CDB-2006-F-Census.xlsx
Jharkhand,20,Houselisting-housing-JK.html,24,Gumla,2021,PCA CDB-2021-F-Census.xlsx
Jharkhand,20,Houselisting-housing-JK.html,24,Hazaribagh,2015,PCA CDB-2015-F-Census.xlsx
Jharkhand,20,Houselisting-housing-JK.html,24,Jamtara,2018,PCA CDB-2018-F-Census.xlsx
Jharkhand,20,Houselisting-housing-JK.html,24,Khunti,2020,PCA CDB-2020-F-Census.xlsx
Jharkhand,20,Houselisting-housing-JK.html,24,Kodarma,2003,PCA CDB-2003-F-Census.xlsx
Jharkhand,20,Houselisting-housing-JK.html,24,Latehar,2014,PCA CDB-2014-F-Census.xlsx
Jharkhand,20,Houselisting-housing-JK.html,24,Lohardaga,2011,PCA CDB-2011-F-Census.xlsx
Jharkhand,20,Houselisting-housing-JK.html,24,Pakur,2008,PCA CDB-2008-F-Census.xlsx
Jharkhand,20,Houselisting-housing-JK.html,24,Palamu,2013,PCA CDB-2013-F-Census.xlsx
Jharkhand,20,Houselisting-housing-JK.html,24,Pashchimi Singhbhum,2023,PCA CDB-2023-F-Census.xlsx
Jharkhand,20,Houselisting-housing-JK.html,24,Purbi Singhbhum,2012,PCA CDB-2012-F-Census.xlsx
Jharkhand,20,Houselisting-housing-JK.html,24,Ramgarh,2016,PCA CDB-2016-F-Census.xlsx
Jharkhand,20,Houselisting-housing-JK.html,24,Ranchi,2019,PCA CDB-2019-F-Census.xlsx
Jharkhand,20,Houselisting-housing-JK.html,24,Sahibganj,2007,PCA CDB-2007-F-Census.xlsx
Jharkhand,20,Houselisting-housing-JK.html,24,Saraikela-Kharsawan,2024,PCA CDB-2024-F-Census.xlsx
Jharkhand,20,Houselisting-housing-JK.html,24,Simdega,2022,PCA CDB-2022-F-Census.xlsx
Punjab,03,Houselisting-housing-PUNJAB.html,20,Amritsar,0315,PCA CDB-0315-F-Census.xlsx
Punjab,03,Houselisting-housing-PUNJAB.html,20,Barnala,0320,PCA CDB-0320-F-Census.xlsx
Punjab,03,Houselisting-housing-PUNJAB.html,20,Bathinda,0312,PCA CDB-0312-F-Census.xlsx
Punjab,03,Houselisting-housing-PUNJAB.html,20,Faridkot,0311,PCA CDB-0311-F-Census.xlsx
Punjab,03,Houselisting-housing-PUNJAB.html,20,Fatehgarh Sahib,0306,PCA CDB-0306-F-Census.xlsx
Punjab,03,Houselisting-housing-PUNJAB.html,20,Firozpur,0309,PCA CDB-0309-F-Census.xlsx
Punjab,03,Houselisting-housing-PUNJAB.html,20,Gurdaspur,0301,PCA CDB-0301-F-Census.xlsx
Punjab,03,Houselisting-housing-PUNJAB.html,20,Hoshiarpur,0304,PCA CDB-0304-F-Census.xlsx
Punjab,03,Houselisting-housing-PUNJAB.html,20,Jalandhar,0303,PCA CDB-0303-F-Census.xlsx
Punjab,03,Houselisting-housing-PUNJAB.html,20,Kapurthala,0302,PCA CDB-0302-F-Census.xlsx
Punjab,03,Houselisting-housing-PUNJAB.html,20,Ludhiana,0307,PCA CDB-0307-F-Census.xlsx
Punjab,03,Houselisting-housing-PUNJAB.html,20,Mansa,0313,PCA CDB-0313-F-Census.xlsx
Punjab,03,Houselisting-housing-PUNJAB.html,20,Moga,0308,PCA CDB-0308-F-Census.xlsx
Punjab,03,Houselisting-housing-PUNJAB.html,20,Muktsar,0310,PCA CDB-0310-F-Census.xlsx
Punjab,03,Houselisting-housing-PUNJAB.html,20,Patiala,0314,PCA CDB-0314-F-Census.xlsx
Punjab,03,Houselisting-housing-PUNJAB.html,20,Rupnagar,0317,PCA CDB-0317-F-Census.xlsx
Punjab,03,Houselisting-housing-PUNJAB.html,20,Sahibzada Ajit Singh Nagar,0318,PCA CDB-0318-F-Census.xlsx
Punjab,03,Houselisting-housing-PUNJAB.html,20,Sangrur,0319,PCA CDB-0319-F-Census.xlsx
Punjab,03,Houselisting-housing-PUNJAB.html,20,Shahid Bhagat Singh Nagar,0305,PCA CDB-0305-F-Census.xlsx
Punjab,03,Houselisting-housing-PUNJAB.html,20,Tarn Taran,0316,PCA CDB-0316-F-Census.xlsx
Bihar,10,Houselisting-housing-BR.html,38,Araria,1007,PCA CDB-1007-F-Census.xlsx
Bihar,10,Houselisting-housing-BR.html,38,Arwal,1038,PCA CDB-1038-F-Census.xlsx
Bihar,10,Houselisting-housing-BR.html,38,Aurangabad,1033,PCA CDB-1033-F-Census.xlsx
Bihar,10,Houselisting-housing-BR.html,38,Banka,1023,PCA CDB-1023-F-Census.xlsx
Bihar,10,Houselisting-housing-BR.html,38,Begusarai,1020,PCA CDB-1020-F-Census.xlsx
Bihar,10,Houselisting-housing-BR.html,38,Bhagalpur,1022,PCA CDB-1022-F-Census.xlsx
Bihar,10,Houselisting-housing-BR.html,38,Bhojpur,1029,PCA CDB-1029-F-Census.xlsx
Bihar,10,Houselisting-housing-BR.html,38,Buxar,1030,PCA CDB-1030-F-Census.xlsx
Bihar,10,Houselisting-housing-BR.html,38,Darbhanga,1013,PCA CDB-1013-F-Census.xlsx
Bihar,10,Houselisting-housing-BR.html,38,Gaya,1034,PCA CDB-1034-F-Census.xlsx
Bihar,10,Houselisting-housing-BR.html,38,Gopalganj,1015,PCA CDB-1015-F-Census.xlsx
Bihar,10,Houselisting-housing-BR.html,38,Jamui,1036,PCA CDB-1036-F-Census.xlsx
Bihar,10,Houselisting-housing-BR.html,38,Jehanabad,1037,PCA CDB-1037-F-Census.xlsx
Bihar,10,Houselisting-housing-BR.html,38,Kaimur (Bhabua),1031,PCA CDB-1031-F-Census.xlsx
Bihar,10,Houselisting-housing-BR.html,38,Katihar,1010,PCA CDB-1010-F-Census.xlsx
Bihar,10,Houselisting-housing-BR.html,38,Khagaria,1021,PCA CDB-1021-F-Census.xlsx
Bihar,10,Houselisting-housing-BR.html,38,Kishanganj,1008,PCA CDB-1008-F-Census.xlsx
Bihar,10,Houselisting-housing-BR.html,38,Lakhisarai,1025,PCA CDB-1025-F-Census.xlsx
Bihar,10,Houselisting-housing-BR.html,38,Madhepura,1011,PCA CDB-1011-F-Census.xlsx
Bihar,10,Houselisting-housing-BR.html,38,Madhubani,1005,PCA CDB-1005-F-Census.xlsx
Bihar,10,Houselisting-housing-BR.html,38,Munger,1024,PCA CDB-1024-F-Census.xlsx
Bihar,10,Houselisting-housing-BR.html,38,Muzaffarpur,1014,PCA CDB-1014-F-Census.xlsx
Bihar,10,Houselisting-housing-BR.html,38,Nalanda,1027,PCA CDB-1027-F-Census.xlsx
Bihar,10,Houselisting-housing-BR.html,38,Nawada,1035,PCA CDB-1035-F-Census.xlsx
Bihar,10,Houselisting-housing-BR.html,38,Pashchim Champaran,1001,PCA CDB-1001-F-Census.xlsx
Bihar,10,Houselisting-housing-BR.html,38,Patna,1028,PCA CDB-1028-F-Census.xlsx
Bihar,10,Houselisting-housing-BR.html,38,Purba Champaran,1002,PCA CDB-1002-F-Census.xlsx
Bihar,10,Houselisting-housing-BR.html,38,Purnia,1009,PCA CDB-1009-F-Census.xlsx
Bihar,10,Houselisting-housing-BR.html,38,Rohtas,1032,PCA CDB-1032-F-Census.xlsx
Bihar,10,Houselisting-housing-BR.html,38,Saharsa,1012,PCA CDB-1012-F-Census.xlsx
Bihar,10,Houselisting-housing-BR.html,38,Samastipur,1019,PCA CDB-1019-F-Census.xlsx
Bihar,10,Houselisting-housing-BR.html,38,Saran,1017,PCA CDB-1017-F-Census.xlsx
Bihar,10,Houselisting-housing-BR.html,38,Sheikhpura,1026,PCA CDB-1026-F-Census.xlsx
Bihar,10,Houselisting-housing-BR.html,38,Sheohar,1003,PCA CDB-1003-F-Census.xlsx
Bihar,10,Houselisting-housing-BR.html,38,Sitamarhi,1004,PCA CDB-1004-F-Census.xlsx
Bihar,10,Houselisting-housing-BR.html,38,Siwan,1016,PCA CDB-1016-F-Census.xlsx
Bihar,10,Houselisting-housing-BR.html,38,Supaul,1006,PCA CDB-1006-F-Census.xlsx
Bihar,10,Houselisting-housing-BR.html,38,Vaishali,1018,PCA CDB-1018-F-Census.xlsx
Karnataka,29,Houselisting-housing-Kar.html,30,Bagalkot,2902,PCA CDB-2902-F-Census.xlsx
Karnataka,29,Houselisting-housing-Kar.html,30,Bangalore,2918,PCA CDB-2918-F-Census.xlsx
Karnataka,29,Houselisting-housing-Kar.html,30,Bangalore Rural,2929,PCA CDB-2929-F-Census.xlsx
Karnataka,29,Houselisting-housing-Kar.html,30,Belgaum,2901,PCA CDB-2901-F-Census.xlsx
Karnataka,29,Houselisting-housing-Kar.html,30,Bellary,2911,PCA CDB-2911-F-Census.xlsx
Karnataka,29,Houselisting-housing-Kar.html,30,Bidar,2904,PCA CDB-2904-F-Census.xlsx
Karnataka,29,Houselisting-housing-Kar.html,30,Bijapur,2903,PCA CDB-2903-F-Census.xlsx
Karnataka,29,Houselisting-housing-Kar.html,30,Chamarajanagar,2924,PCA CDB-2924-F-Census.xlsx
Karnataka,29,Houselisting-housing-Kar.html,30,Chikkaballapura,2928,PCA CDB-2928-F-Census.xlsx
Karnataka,29,Houselisting-housing-Kar.html,30,Chikmagalur,2916,PCA CDB-2916-F-Census.xlsx
Karnataka,29,Houselisting-housing-Kar.html,30,Chitradurga,2912,PCA CDB-2912-F-Census.xlsx
Karnataka,29,Houselisting-housing-Kar.html,30,Dakshina Kannada,2921,PCA CDB-2921-F-Census.xlsx
Karnataka,29,Houselisting-housing-Kar.html,30,Davanagere,2913,PCA CDB-2913-F-Census.xlsx
Karnataka,29,Houselisting-housing-Kar.html,30,Dharwad,2908,PCA CDB-2908-F-Census.xlsx
Karnataka,29,Houselisting-housing-Kar.html,30,Gadag,2907,PCA CDB-2907-F-Census.xlsx
Karnataka,29,Houselisting-housing-Kar.html,30,Gulbarga,2925,PCA CDB-2925-F-Census.xlsx
Karnataka,29,Houselisting-housing-Kar.html,30,Hassan,2920,PCA CDB-2920-F-Census.xlsx
Karnataka,29,Houselisting-housing-Kar.html,30,Haveri,2910,PCA CDB-2910-F-Census.xlsx
Karnataka,29,Houselisting-housing-Kar.html,30,Kodagu,2922,PCA CDB-2922-F-Census.xlsx
Karnataka,29,Houselisting-housing-Kar.html,30,Kolar,2927,PCA CDB-2927-F-Census.xlsx
Karnataka,29,Houselisting-housing-Kar.html,30,Koppal,2906,PCA CDB-2906-F-Census.xlsx
Karnataka,29,Houselisting-housing-Kar.html,30,Mandya,2919,PCA CDB-2919-F-Census.xlsx
Karnataka,29,Houselisting-housing-Kar.html,30,Mysore,2923,PCA CDB-2923-F-Census.xlsx
Karnataka,29,Houselisting-housing-Kar.html,30,Raichur,2905,PCA CDB-2905-F-Census.xlsx
Karnataka,29,Houselisting-housing-Kar.html,30,Ramanagara,2930,PCA CDB-2930-F-Census.xlsx
Karnataka,29,Houselisting-housing-Kar.html,30,Shimoga,2914,PCA CDB-2914-F-Census.xlsx
Karnataka,29,Houselisting-housing-Kar.html,30,Tumkur,2917,PCA CDB-2917-F-Census.xlsx
Karnataka,29,Houselisting-housing-Kar.html,30,Udupi,2915,PCA CDB-2915-F-Census.xlsx
Karnataka,29,Houselisting-housing-Kar.html,30,Uttara Kannada,2909,PCA CDB-2909-F-Census.xlsx
Karnataka,29,Houselisting-housing-Kar.html,30,Yadgir,2926,PCA CDB-2926-F-Census.xlsx
Rajasthan,08,Houselisting-housing-RJ.html,33,Ajmer,0821,PCA CDB-0821-F-Census.xlsx
Rajasthan,08,Houselisting-housing-RJ.html,33,Alwar,0806,PCA CDB-0806-F-Census.xlsx
Rajasthan,08,Houselisting-housing-RJ.html,33,Banswara,0827,PCA CDB-0827-F-Census.xlsx
Rajasthan,08,Houselisting-housing-RJ.html,33,Baran,0830,PCA CDB-0830-F-Census.xlsx
Rajasthan,08,Houselisting-housing-RJ.html,33,Barmer,0817,PCA CDB-0817-F-Census.xlsx
Rajasthan,08,Houselisting-housing-RJ.html,33,Bharatpur,0807,PCA CDB-0807-F-Census.xlsx
Rajasthan,08,Houselisting-housing-RJ.html,33,Bhilwara,0824,PCA CDB-0824-F-Census.xlsx
Rajasthan,08,Houselisting-housing-RJ.html,33,Bikaner,0803,PCA CDB-0803-F-Census.xlsx
Rajasthan,08,Houselisting-housing-RJ.html,33,Bundi,0823,PCA CDB-0823-F-Census.xlsx
Rajasthan,08,Houselisting-housing-RJ.html,33,Chittaurgarh,0828,PCA CDB-0828-F-Census.xlsx
Rajasthan,08,Houselisting-housing-RJ.html,33,Churu,0804,PCA CDB-0804-F-Census.xlsx
Rajasthan,08,Houselisting-housing-RJ.html,33,Dausa,0811,PCA CDB-0811-F-Census.xlsx
Rajasthan,08,Houselisting-housing-RJ.html,33,Dhaulpur,0808,PCA CDB-0808-F-Census.xlsx
Rajasthan,08,Houselisting-housing-RJ.html,33,Dungarpur,0826,PCA CDB-0826-F-Census.xlsx
Rajasthan,08,Houselisting-housing-RJ.html,33,Ganganagar,0801,PCA CDB-0801-F-Census.xlsx
Rajasthan,08,Houselisting-housing-RJ.html,33,Hanumangarh,0802,PCA CDB-0802-F-Census.xlsx
Rajasthan,08,Houselisting-housing-RJ.html,33,Jaipur,0812,PCA CDB-0812-F-Census.xlsx
Rajasthan,08,Houselisting-housing-RJ.html,33,Jaisalmer,0816,PCA CDB-0816-F-Census.xlsx
Rajasthan,08,Houselisting-housing-RJ.html,33,Jalor,0818,PCA CDB-0818-F-Census.xlsx
Rajasthan,08,Houselisting-housing-RJ.html,33,Jhalawar,0831,PCA CDB-0831-F-Census.xlsx
Rajasthan,08,Houselisting-housing-RJ.html,33,Jhunjhunun,0805,PCA CDB-0805-F-Census.xlsx
Rajasthan,08,Houselisting-housing-RJ.html,33,Jodhpur,0815,PCA CDB-0815-F-Census.xlsx
Rajasthan,08,Houselisting-housing-RJ.html,33,Karauli,0809,PCA CDB-0809-F-Census.xlsx
Rajasthan,08,Houselisting-housing-RJ.html,33,Kota,0829,PCA CDB-0829-F-Census.xlsx
Rajasthan,08,Houselisting-housing-RJ.html,33,Nagaur,0814,PCA CDB-0814-F-Census.xlsx
Rajasthan,08,Houselisting-housing-RJ.html,33,Pali,0820,PCA CDB-0820-F-Census.xlsx
Rajasthan,08,Houselisting-housing-RJ.html,33,Pratapgarh,0833,PCA CDB-0833-F-Census.xlsx
Rajasthan,08,Houselisting-housing-RJ.html,33,Rajsamand,0825,PCA CDB-0825-F-Census.xlsx
Rajasthan,08,Houselisting-housing-RJ.html,33,Sawai Madhopur,0810,PCA CDB-0810-F-Census.xlsx
Rajasthan,08,Houselisting-housing-RJ.html,33,Sikar,0813,PCA CDB-0813-F-Census.xlsx
Rajasthan,08,Houselisting-housing-RJ.html,33,Sirohi,0819,PCA CDB-0819-F-Census.xlsx
Rajasthan,08,Houselisting-housing-RJ.html,33,Tonk,0822,PCA CDB-0822-F-Census.xlsx
Rajasthan,08,Houselisting-housing-RJ.html,33,Udaipur,0832,PCA CDB-0832-F-Census.xlsx
Chandigarh UT,04,Houselisting-housing-Chandighra.html,1,Chandigarh,0401,PCA CDB-0401-F-Census.xlsx
Kerala,32,Houselisting-housing-Kerl.html,14,Alappuzha,3211,PCA CDB-3211-F-Census.xlsx
Kerala,32,Houselisting-housing-Kerl.html,14,Ernakulam,3208,PCA CDB-3208-F-Census.xlsx
Kerala,32,Houselisting-housing-Kerl.html,14,Idukki,3209,PCA CDB-3209-F-Census.xlsx
Kerala,32,Houselisting-housing-Kerl.html,14,Kannur,3202,PCA CDB-3202-F-Census.xlsx
Kerala,32,Houselisting-housing-Kerl.html,14,Kasaragod,3201,PCA CDB-3201-F-Census.xlsx
Kerala,32,Houselisting-housing-Kerl.html,14,Kollam,3213,PCA CDB-3213-F-Census.xlsx
Kerala,32,Houselisting-housing-Kerl.html,14,Kottayam,3210,PCA CDB-3210-F-Census.xlsx
Kerala,32,Houselisting-housing-Kerl.html,14,Kozhikode,3204,PCA CDB-3204-F-Census.xlsx
Kerala,32,Houselisting-housing-Kerl.html,14,Malappuram,3205,PCA CDB-3205-F-Census.xlsx
Kerala,32,Houselisting-housing-Kerl.html,14,Palakkad,3206,PCA CDB-3206-F-Census.xlsx
Kerala,32,Houselisting-housing-Kerl.html,14,Pathanamthitta,3212,PCA CDB-3212-F-Census.xlsx
Kerala,32,Houselisting-housing-Kerl.html,14,Thiruvananthapuram,3214,PCA CDB-3214-F-Census.xlsx
Kerala,32,Houselisting-housing-Kerl.html,14,Thrissur,3207,PCA CDB-3207-F-Census.xlsx
Kerala,32,Houselisting-housing-Kerl.html,14,Wayanad,3203,PCA CDB-3203-F-Census.xlsx
Sikkim,11,Houselisting-housing-SK.html,4,East District,1104,PCA CDB-1104-F-Census.xlsx
Sikkim,11,Houselisting-housing-SK.html,4,North District,1101,PCA CDB-1101-F-Census.xlsx
Sikkim,11,Houselisting-housing-SK.html,4,South District,1103,PCA CDB-1103-F-Census.xlsx
Sikkim,11,Houselisting-housing-SK.html,4,West District,1102,PCA CDB-1102-F-Census.xlsx
Chhattisgarh,22,Houselisting-housing-Chatisghra.html,18,Bastar,2215,PCA CDB-2215-F-Census.xlsx
Chhattisgarh,22,Houselisting-housing-Chatisghra.html,18,Bijapur,2218,PCA CDB-2218-F-Census.xlsx
Chhattisgarh,22,Houselisting-housing-Chatisghra.html,18,Bilaspur,2207,PCA CDB-2207-F-Census.xlsx
Chhattisgarh,22,Houselisting-housing-Chatisghra.html,18,Dakshin Bastar Dantewada,2217,PCA CDB-2217-F-Census.xlsx
Chhattisgarh,22,Houselisting-housing-Chatisghra.html,18,Dhamtari,2213,PCA CDB-2213-F-Census.xlsx
Chhattisgarh,22,Houselisting-housing-Chatisghra.html,18,Durg,2210,PCA CDB-2210-F-Census.xlsx
Chhattisgarh,22,Houselisting-housing-Chatisghra.html,18,Janjgir - Champa,2206,PCA CDB-2206-F-Census.xlsx
Chhattisgarh,22,Houselisting-housing-Chatisghra.html,18,Jashpur,2203,PCA CDB-2203-F-Census.xlsx
Chhattisgarh,22,Houselisting-housing-Chatisghra.html,18,Kabeerdham,2208,PCA CDB-2208-F-Census.xlsx
Chhattisgarh,22,Houselisting-housing-Chatisghra.html,18,Korba,2205,PCA CDB-2205-F-Census.xlsx
Chhattisgarh,22,Houselisting-housing-Chatisghra.html,18,Koriya,2201,PCA CDB-2201-F-Census.xlsx
Chhattisgarh,22,Houselisting-housing-Chatisghra.html,18,Mahasamund,2212,PCA CDB-2212-F-Census.xlsx
Chhattisgarh,22,Houselisting-housing-Chatisghra.html,18,Narayanpur,2216,PCA CDB-2216-F-Census.xlsx
Chhattisgarh,22,Houselisting-housing-Chatisghra.html,18,Raigarh,2204,PCA CDB-2204-F-Census.xlsx
Chhattisgarh,22,Houselisting-housing-Chatisghra.html,18,Raipur,2211,PCA CDB-2211-F-Census.xlsx
Chhattisgarh,22,Houselisting-housing-Chatisghra.html,18,Rajnandgaon,2209,PCA CDB-2209-F-Census.xlsx
Chhattisgarh,22,Houselisting-housing-Chatisghra.html,18,Surguja,2202,PCA CDB-2202-F-Census.xlsx
Chhattisgarh,22,Houselisting-housing-Chatisghra.html,18,Uttar Bastar Kanker,2214,PCA CDB-2214-F-Census.xlsx
Lakshadweep UT,31,Houselisting-housing-Lakshadweep.html,1,Lakshadweep,3101,PCA CDB-3101-F-Census.xlsx
Tamil Nadu,33,Houselisting-housing-TM.html,31,Ariyalur,3315,PCA CDB-3315-F-Census.xlsx
Tamil Nadu,33,Houselisting-housing-TM.html,31,Coimbatore,3331,PCA CDB-3331-F-Census.xlsx
Tamil Nadu,33,Houselisting-housing-TM.html,31,Cuddalore,3316,PCA CDB-3316-F-Census.xlsx
Tamil Nadu,33,Houselisting-housing-TM.html,31,Dharmapuri,3329,PCA CDB-3329-F-Census.xlsx
Tamil Nadu,33,Houselisting-housing-TM.html,31,Dindigul,3311,PCA CDB-3311-F-Census.xlsx
Tamil Nadu,33,Houselisting-housing-TM.html,31,Erode,3309,PCA CDB-3309-F-Census.xlsx
Tamil Nadu,33,Houselisting-housing-TM.html,31,Kancheepuram,3303,PCA CDB-3303-F-Census.xlsx
Tamil Nadu,33,Houselisting-housing-TM.html,31,Kanniyakumari,3328,PCA CDB-3328-F-Census.xlsx
Tamil Nadu,33,Houselisting-housing-TM.html,31,Karur,3312,PCA CDB-3312-F-Census.xlsx
Tamil Nadu,33,Houselisting-housing-TM.html,31,Krishnagiri,3330,PCA CDB-3330-F-Census.xlsx
Tamil Nadu,33,Houselisting-housing-TM.html,31,Madurai,3322,PCA CDB-3322-F-Census.xlsx
Tamil Nadu,33,Houselisting-housing-TM.html,31,Nagapattinam,3317,PCA CDB-3317-F-Census.xlsx
Tamil Nadu,33,Houselisting-housing-TM.html,31,Namakkal,3308,PCA CDB-3308-F-Census.xlsx
Tamil Nadu,33,Houselisting-housing-TM.html,31,Perambalur,3314,PCA CDB-3314-F-Census.xlsx
Tamil Nadu,33,Houselisting-housing-TM.html,31,Pudukkottai,3320,PCA CDB-3320-F-Census.xlsx
Tamil Nadu,33,Houselisting-housing-TM.html,31,Ramanathapuram,3325,PCA CDB-3325-F-Census.xlsx
Tamil Nadu,33,Houselisting-housing-TM.html,31,Salem,3307,PCA CDB-3307-F-Census.xlsx
Tamil Nadu,33,Houselisting-housing-TM.html,31,Sivaganga,3321,PCA CDB-3321-F-Census.xlsx
Tamil Nadu,33,Houselisting-housing-TM.html,31,Thanjavur,3319,PCA CDB-3319-F-Census.xlsx
Tamil Nadu,33,Houselisting-housing-TM.html,31,The Nilgiris,3310,PCA CDB-3310-F-Census.xlsx
Tamil Nadu,33,Houselisting-housing-TM.html,31,Theni,3323,PCA CDB-3323-F-Census.xlsx
Tamil Nadu,33,Houselisting-housing-TM.html,31,Thiruvallur,3301,PCA CDB-3301-F-Census.xlsx
Tamil Nadu,33,Houselisting-housing-TM.html,31,Thiruvarur,3318,PCA CDB-3318-F-Census.xlsx
Tamil Nadu,33,Houselisting-housing-TM.html,31,Thoothukkudi,3326,PCA CDB-3326-F-Census.xlsx
Tamil Nadu,33,Houselisting-housing-TM.html,31,Tiruchirappalli,3313,PCA CDB-3313-F-Census.xlsx
Tamil Nadu,33,Houselisting-housing-TM.html,31,Tirunelveli,3327,PCA CDB-3327-F-Census.xlsx
Tamil Nadu,33,Houselisting-housing-TM.html,31,Tiruppur,3332,PCA CDB-3332-F-Census.xlsx
Tamil Nadu,33,Houselisting-housing-TM.html,31,Tiruvannamalai,3305,PCA CDB-3305-F-Census.xlsx
Tamil Nadu,33,Houselisting-housing-TM.html,31,Vellore,3304,PCA CDB-3304-F-Census.xlsx
Tamil Nadu,33,Houselisting-housing-TM.html,31,Viluppuram,3306,PCA CDB-3306-F-Census.xlsx
Tamil Nadu,33,Houselisting-housing-TM.html,31,Virudhunagar,3324,PCA CDB-3324-F-Census.xlsx
Dadra & Nagar Haveli UT,26,Houselisting-housing-Dadra_&_Nagar_Haveli.html,1,Dadra & Nagar Haveli,2601,PCA CDB-2601-F-Census.xlsx
Madhya Pradesh,23,Houselisting-housing-MP.html,50,Alirajpur,2348,PCA CDB-2348-F-Census.xlsx
Madhya Pradesh,23,Houselisting-housing-MP.html,50,Anuppur,2344,PCA CDB-2344-F-Census.xlsx
Madhya Pradesh,23,Houselisting-housing-MP.html,50,Ashoknagar,2342,PCA CDB-2342-F-Census.xlsx
Madhya Pradesh,23,Houselisting-housing-MP.html,50,Balaghat,2340,PCA CDB-2340-F-Census.xlsx
Madhya Pradesh,23,Houselisting-housing-MP.html,50,Barwani,2324,PCA CDB-2324-F-Census.xlsx
Madhya Pradesh,23,Houselisting-housing-MP.html,50,Betul,2330,PCA CDB-2330-F-Census.xlsx
Madhya Pradesh,23,Houselisting-housing-MP.html,50,Bhind,2303,PCA CDB-2303-F-Census.xlsx
Madhya Pradesh,23,Houselisting-housing-MP.html,50,Bhopal,2327,PCA CDB-2327-F-Census.xlsx
Madhya Pradesh,23,Houselisting-housing-MP.html,50,Burhanpur,2350,PCA CDB-2350-F-Census.xlsx
Madhya Pradesh,23,Houselisting-housing-MP.html,50,Chhatarpur,2308,PCA CDB-2308-F-Census.xlsx
Madhya Pradesh,23,Houselisting-housing-MP.html,50,Chhindwara,2338,PCA CDB-2338-F-Census.xlsx
Madhya Pradesh,23,Houselisting-housing-MP.html,50,Damoh,2311,PCA CDB-2311-F-Census.xlsx
Madhya Pradesh,23,Houselisting-housing-MP.html,50,Datia,2305,PCA CDB-2305-F-Census.xlsx
Madhya Pradesh,23,Houselisting-housing-MP.html,50,Dewas,2320,PCA CDB-2320-F-Census.xlsx
Madhya Pradesh,23,Houselisting-housing-MP.html,50,Dhar,2321,PCA CDB-2321-F-Census.xlsx
Madhya Pradesh,23,Houselisting-housing-MP.html,50,Dindori,2336,PCA CDB-2336-F-Census.xlsx
Madhya Pradesh,23,Houselisting-housing-MP.html,50,Guna,2341,PCA CDB-2341-F-Census.xlsx
Madhya Pradesh,23,Houselisting-housing-MP.html,50,Gwalior,2304,PCA CDB-2304-F-Census.xlsx
Madhya Pradesh,23,Houselisting-housing-MP.html,50,Harda,2331,PCA CDB-2331-F-Census.xlsx
Madhya Pradesh,23,Houselisting-housing-MP.html,50,Hoshangabad,2332,PCA CDB-2332-F-Census.xlsx
Madhya Pradesh,23,Houselisting-housing-MP.html,50,Indore,2322,PCA CDB-2322-F-Census.xlsx
Madhya Pradesh,23,Houselisting-housing-MP.html,50,Jabalpur,2334,PCA CDB-2334-F-Census.xlsx
Madhya Pradesh,23,Houselisting-housing-MP.html,50,Jhabua,2347,PCA CDB-2347-F-Census.xlsx
Madhya Pradesh,23,Houselisting-housing-MP.html,50,Katni,2333,PCA CDB-2333-F-Census.xlsx
Madhya Pradesh,23,Houselisting-housing-MP.html,50,Khandwa (East Nimar),2349,PCA CDB-2349-F-Census.xlsx
Madhya Pradesh,23,Houselisting-housing-MP.html,50,Khargone (West Nimar),2323,PCA CDB-2323-F-Census.xlsx
Madhya Pradesh,23,Houselisting-housing-MP.html,50,Mandla,2337,PCA CDB-2337-F-Census.xlsx
Madhya Pradesh,23,Houselisting-housing-MP.html,50,Mandsaur,2316,PCA CDB-2316-F-Census.xlsx
Madhya Pradesh,23,Houselisting-housing-MP.html,50,Morena,2302,PCA CDB-2302-F-Census.xlsx
Madhya Pradesh,23,Houselisting-housing-MP.html,50,Narsimhapur,2335,PCA CDB-2335-F-Census.xlsx
Madhya Pradesh,23,Houselisting-housing-MP.html,50,Neemuch,2315,PCA CDB-2315-F-Census.xlsx
Madhya Pradesh,23,Houselisting-housing-MP.html,50,Panna,2309,PCA CDB-2309-F-Census.xlsx
Madhya Pradesh,23,Houselisting-housing-MP.html,50,Raisen,2329,PCA CDB-2329-F-Census.xlsx
Madhya Pradesh,23,Houselisting-housing-MP.html,50,Rajgarh,2325,PCA CDB-2325-F-Census.xlsx
Madhya Pradesh,23,Houselisting-housing-MP.html,50,Ratlam,2317,PCA CDB-2317-F-Census.xlsx
Madhya Pradesh,23,Houselisting-housing-MP.html,50,Rewa,2313,PCA CDB-2313-F-Census.xlsx
Madhya Pradesh,23,Houselisting-housing-MP.html,50,Sagar,2310,PCA CDB-2310-F-Census.xlsx
Madhya Pradesh,23,Houselisting-housing-MP.html,50,Satna,2312,PCA CDB-2312-F-Census.xlsx
Madhya Pradesh,23,Houselisting-housing-MP.html,50,Sehore,2328,PCA CDB-2328-F-Census.xlsx
Madhya Pradesh,23,Houselisting-housing-MP.html,50,Seoni,2339,PCA CDB-2339-F-Census.xlsx
Madhya Pradesh,23,Houselisting-housing-MP.html,50,Shahdol,2343,PCA CDB-2343-F-Census.xlsx
Madhya Pradesh,23,Houselisting-housing-MP.html,50,Shajapur,2319,PCA CDB-2319-F-Census.xlsx
Madhya Pradesh,23,Houselisting-housing-MP.html,50,Sheopur,2301,PCA CDB-2301-F-Census.xlsx
Madhya Pradesh,23,Houselisting-housing-MP.html,50,Shivpuri,2306,PCA CDB-2306-F-Census.xlsx
Madhya Pradesh,23,Houselisting-housing-MP.html,50,Sidhi,2345,PCA CDB-2345-F-Census.xlsx
Madhya Pradesh,23,Houselisting-housing-MP.html,50,Singrauli,2346,PCA CDB-2346-F-Census.xlsx
Madhya Pradesh,23,Houselisting-housing-MP.html,50,Tikamgarh,2307,PCA CDB-2307-F-Census.xlsx
Madhya Pradesh,23,Houselisting-housing-MP.html,50,Ujjain,2318,PCA CDB-2318-F-Census.xlsx
Madhya Pradesh,23,Houselisting-housing-MP.html,50,Umaria,2314,PCA CDB-2314-F-Census.xlsx
Madhya Pradesh,23,Houselisting-housing-MP.html,50,Vidisha,2326,PCA CDB-2326-F-Census.xlsx
Tripura,16,Houselisting-housing-TRIPURA.html,4,Dhalai,1603,PCA CDB-1603-F-Census.xlsx
Tripura,16,Houselisting-housing-TRIPURA.html,4,North Tripura,1604,PCA CDB-1604-F-Census.xlsx
Tripura,16,Houselisting-housing-TRIPURA.html,4,South Tripura,1602,PCA CDB-1602-F-Census.xlsx
Tripura,16,Houselisting-housing-TRIPURA.html,4,West Tripura,1601,PCA CDB-1601-F-Census.xlsx
Daman & Diu UT,25,Houselisting-housing-DAMAN_&_DIU.html,2,Daman,2502,PCA CDB-2502-F-Census.xlsx
Daman & Diu UT,25,Houselisting-housing-DAMAN_&_DIU.html,2,Diu,2501,PCA CDB-2501-F-Census.xlsx
Maharashtra,27,Houselisting-housing-Maha.html,33,Ahmadnagar,2726,PCA CDB-2726-F-Census.xlsx
Maharashtra,27,Houselisting-housing-Maha.html,33,Akola,2705,PCA CDB-2705-F-Census.xlsx
Maharashtra,27,Houselisting-housing-Maha.html,33,Amravati,2707,PCA CDB-2707-F-Census.xlsx
Maharashtra,27,Houselisting-housing-Maha.html,33,Aurangabad,2719,PCA CDB-2719-F-Census.xlsx
Maharashtra,27,Houselisting-housing-Maha.html,33,Bhandara,2710,PCA CDB-2710-F-Census.xlsx
Maharashtra,27,Houselisting-housing-Maha.html,33,Bid,2727,PCA CDB-2727-F-Census.xlsx
Maharashtra,27,Houselisting-housing-Maha.html,33,Buldana,2704,PCA CDB-2704-F-Census.xlsx
Maharashtra,27,Houselisting-housing-Maha.html,33,Chandrapur,2713,PCA CDB-2713-F-Census.xlsx
Maharashtra,27,Houselisting-housing-Maha.html,33,Dhule,2702,PCA CDB-2702-F-Census.xlsx
Maharashtra,27,Houselisting-housing-Maha.html,33,Gadchiroli,2712,PCA CDB-2712-F-Census.xlsx
Maharashtra,27,Houselisting-housing-Maha.html,33,Gondiya,2711,PCA CDB-2711-F-Census.xlsx
Maharashtra,27,Houselisting-housing-Maha.html,33,Hingoli,2716,PCA CDB-2716-F-Census.xlsx
Maharashtra,27,Houselisting-housing-Maha.html,33,Jalgaon,2703,PCA CDB-2703-F-Census.xlsx
Maharashtra,27,Houselisting-housing-Maha.html,33,Jalna,2718,PCA CDB-2718-F-Census.xlsx
Maharashtra,27,Houselisting-housing-Maha.html,33,Kolhapur,2734,PCA CDB-2734-F-Census.xlsx
Maharashtra,27,Houselisting-housing-Maha.html,33,Latur,2728,PCA CDB-2728-F-Census.xlsx
Maharashtra,27,Houselisting-housing-Maha.html,33,Nagpur,2709,PCA CDB-2709-F-Census.xlsx
Maharashtra,27,Houselisting-housing-Maha.html,33,Nanded,2715,PCA CDB-2715-F-Census.xlsx
Maharashtra,27,Houselisting-housing-Maha.html,33,Nandurbar,2701,PCA CDB-2701-F-Census.xlsx
Maharashtra,27,Houselisting-housing-Maha.html,33,Nashik,2720,PCA CDB-2720-F-Census.xlsx
Maharashtra,27,Houselisting-housing-Maha.html,33,Osmanabad,2729,PCA CDB-2729-F-Census.xlsx
Maharashtra,27,Houselisting-housing-Maha.html,33,Parbhani,2717,PCA CDB-2717-F-Census.xlsx
Maharashtra,27,Houselisting-housing-Maha.html,33,Pune,2725,PCA CDB-2725-F-Census.xlsx
Maharashtra,27,Houselisting-housing-Maha.html,33,Raigarh,2724,PCA CDB-2724-F-Census.xlsx
Maharashtra,27,Houselisting-housing-Maha.html,33,Ratnagiri,2732,PCA CDB-2732-F-Census.xlsx
Maharashtra,27,Houselisting-housing-Maha.html,33,Sangli,2735,PCA CDB-2735-F-Census.xlsx
Maharashtra,27,Houselisting-housing-Maha.html,33,Satara,2731,PCA CDB-2731-F-Census.xlsx
Maharashtra,27,Houselisting-housing-Maha.html,33,Sindhudurg,2733,PCA CDB-2733-F-Census.xlsx
Maharashtra,27,Houselisting-housing-Maha.html,33,Solapur,2730,PCA CDB-2730-F-Census.xlsx
Maharashtra,27,Houselisting-housing-Maha.html,33,Thane,2721,PCA CDB-2721-F-Census.xlsx
Maharashtra,27,Houselisting-housing-Maha.html,33,Wardha,2708,PCA CDB-2708-F-Census.xlsx
Maharashtra,27,Houselisting-housing-Maha.html,33,Washim,2706,PCA CDB-2706-F-Census.xlsx
Maharashtra,27,Houselisting-housing-Maha.html,33,Yavatmal,2714,PCA CDB-2714-F-Census.xlsx
Uttar Pradesh,09,Houselisting-housing-UP.html,71,Agra,0915,PCA CDB-0915-F-Census.xlsx
Uttar Pradesh,09,Houselisting-housing-UP.html,71,Aligarh,0912,PCA CDB-0912-F-Census.xlsx
Uttar Pradesh,09,Houselisting-housing-UP.html,71,Allahabad,0944,PCA CDB-0944-F-Census.xlsx
Uttar Pradesh,09,Houselisting-housing-UP.html,71,Ambedkar Nagar,0947,PCA CDB-0947-F-Census.xlsx
Uttar Pradesh,09,Houselisting-housing-UP.html,71,Auraiya,0931,PCA CDB-0931-F-Census.xlsx
Uttar Pradesh,09,Houselisting-housing-UP.html,71,Azamgarh,0960,PCA CDB-0960-F-Census.xlsx
Uttar Pradesh,09,Houselisting-housing-UP.html,71,Baghpat,0908,PCA CDB-0908-F-Census.xlsx
Uttar Pradesh,09,Houselisting-housing-UP.html,71,Bahraich,0949,PCA CDB-0949-F-Census.xlsx
Uttar Pradesh,09,Houselisting-housing-UP.html,71,Ballia,0962,PCA CDB-0962-F-Census.xlsx
Uttar Pradesh,09,Houselisting-housing-UP.html,71,Balrampur,0951,PCA CDB-0951-F-Census.xlsx
Uttar Pradesh,09,Houselisting-housing-UP.html,71,Banda,0939,PCA CDB-0939-F-Census.xlsx
Uttar Pradesh,09,Houselisting-housing-UP.html,71,Bara Banki,0945,PCA CDB-0945-F-Census.xlsx
Uttar Pradesh,09,Houselisting-housing-UP.html,71,Bareilly,0919,PCA CDB-0919-F-Census.xlsx
Uttar Pradesh,09,Houselisting-housing-UP.html,71,Basti,0954,PCA CDB-0954-F-Census.xlsx
Uttar Pradesh,09,Houselisting-housing-UP.html,71,Bijnor,0903,PCA CDB-0903-F-Census.xlsx
Uttar Pradesh,09,Houselisting-housing-UP.html,71,Budaun,0918,PCA CDB-0918-F-Census.xlsx
Uttar Pradesh,09,Houselisting-housing-UP.html,71,Bulandshahr,0911,PCA CDB-0911-F-Census.xlsx
Uttar Pradesh,09,Houselisting-housing-UP.html,71,Chandauli,0965,PCA CDB-0965-F-Census.xlsx
Uttar Pradesh,09,Houselisting-housing-UP.html,71,Chitrakoot,0940,PCA CDB-0940-F-Census.xlsx
Uttar Pradesh,09,Houselisting-housing-UP.html,71,Deoria,0959,PCA CDB-0959-F-Census.xlsx
Uttar Pradesh,09,Houselisting-housing-UP.html,71,Etah,0970,PCA CDB-0970-F-Census.xlsx
Uttar Pradesh,09,Houselisting-housing-UP.html,71,Etawah,0930,PCA CDB-0930-F-Census.xlsx
Uttar Pradesh,09,Houselisting-housing-UP.html,71,Faizabad,0946,PCA CDB-0946-F-Census.xlsx
Uttar Pradesh,09,Houselisting-housing-UP.html,71,Farrukhabad,0928,PCA CDB-0928-F-Census.xlsx
Uttar Pradesh,09,Houselisting-housing-UP.html,71,Fatehpur,0941,PCA CDB-0941-F-Census.xlsx
Uttar Pradesh,09,Houselisting-housing-UP.html,71,Firozabad,0916,PCA CDB-0916-F-Census.xlsx
Uttar Pradesh,09,Houselisting-housing-UP.html,71,Gautam Buddha Nagar,0910,PCA CDB-0910-F-Census.xlsx
Uttar Pradesh,09,Houselisting-housing-UP.html,71,Ghaziabad,0909,PCA CDB-0909-F-Census.xlsx
Uttar Pradesh,09,Houselisting-housing-UP.html,71,Ghazipur,0964,PCA CDB-0964-F-Census.xlsx
Uttar Pradesh,09,Houselisting-housing-UP.html,71,Gonda,0952,PCA CDB-0952-F-Census.xlsx
Uttar Pradesh,09,Houselisting-housing-UP.html,71,Gorakhpur,0957,PCA CDB-0957-F-Census.xlsx
Uttar Pradesh,09,Houselisting-housing-UP.html,71,Hamirpur,0937,PCA CDB-0937-F-Census.xlsx
Uttar Pradesh,09,Houselisting-housing-UP.html,71,Hardoi,0924,PCA CDB-0924-F-Census.xlsx
Uttar Pradesh,09,Houselisting-housing-UP.html,71,Jalaun,0934,PCA CDB-0934-F-Census.xlsx
Uttar Pradesh,09,Houselisting-housing-UP.html,71,Jaunpur,0963,PCA CDB-0963-F-Census.xlsx
Uttar Pradesh,09,Houselisting-housing-UP.html,71,Jhansi,0935,PCA CDB-0935-F-Census.xlsx
Uttar Pradesh,09,Houselisting-housing-UP.html,71,Jyotiba Phule Nagar,0906,PCA CDB-0906-F-Census.xlsx
Uttar Pradesh,09,Houselisting-housing-UP.html,71,Kannauj,0929,PCA CDB-0929-F-Census.xlsx
Uttar Pradesh,09,Houselisting-housing-UP.html,71,Kanpur Dehat,0932,PCA CDB-0932-F-Census.xlsx
Uttar Pradesh,09,Houselisting-housing-UP.html,71,Kanpur Nagar,0933,PCA CDB-0933-F-Census.xlsx
Uttar Pradesh,09,Houselisting-housing-UP.html,71,Kanshiram Nagar,0971,PCA CDB-0971-F-Census.xlsx
Uttar Pradesh,09,Houselisting-housing-UP.html,71,Kaushambi,0943,PCA CDB-0943-F-Census.xlsx
Uttar Pradesh,09,Houselisting-housing-UP.html,71,Kheri,0922,PCA CDB-0922-F-Census.xlsx
Uttar Pradesh,09,Houselisting-housing-UP.html,71,Kushinagar,0958,PCA CDB-0958-F-Census.xlsx
Uttar Pradesh,09,Houselisting-housing-UP.html,71,Lalitpur,0936,PCA CDB-0936-F-Census.xlsx
Uttar Pradesh,09,Houselisting-housing-UP.html,71,Lucknow,0926,PCA CDB-0926-F-Census.xlsx
Uttar Pradesh,09,Houselisting-housing-UP.html,71,Mahamaya Nagar,0913,PCA CDB-0913-F-Census.xlsx
Uttar Pradesh,09,Houselisting-housing-UP.html,71,Mahoba,0938,PCA CDB-0938-F-Census.xlsx
Uttar Pradesh,09,Houselisting-housing-UP.html,71,Mahrajganj,0956,PCA CDB-0956-F-Census.xlsx
Uttar Pradesh,09,Houselisting-housing-UP.html,71,Mainpuri,0917,PCA CDB-0917-F-Census.xlsx
Uttar Pradesh,09,Houselisting-housing-UP.html,71,Mathura,0914,PCA CDB-0914-F-Census.xlsx
Uttar Pradesh,09,Houselisting-housing-UP.html,71,Mau,0961,PCA CDB-0961-F-Census.xlsx
Uttar Pradesh,09,Houselisting-housing-UP.html,71,Meerut,0907,PCA CDB-0907-F-Census.xlsx
Uttar Pradesh,09,Houselisting-housing-UP.html,71,Mirzapur,0968,PCA CDB-0968-F-Census.xlsx
Uttar Pradesh,09,Houselisting-housing-UP.html,71,Moradabad,0904,PCA CDB-0904-F-Census.xlsx
Uttar Pradesh,09,Houselisting-housing-UP.html,71,Muzaffarnagar,0902,PCA CDB-0902-F-Census.xlsx
Uttar Pradesh,09,Houselisting-housing-UP.html,71,Pilibhit,0920,PCA CDB-0920-F-Census.xlsx
Uttar Pradesh,09,Houselisting-housing-UP.html,71,Pratapgarh,0942,PCA CDB-0942-F-Census.xlsx
Uttar Pradesh,09,Houselisting-housing-UP.html,71,Rae Bareli,0927,PCA CDB-0927-F-Census.xlsx
Uttar Pradesh,09,Houselisting-housing-UP.html,71,Rampur,0905,PCA CDB-0905-F-Census.xlsx
Uttar Pradesh,09,Houselisting-housing-UP.html,71,Saharanpur,0901,PCA CDB-0901-F-Census.xlsx
Uttar Pradesh,09,Houselisting-housing-UP.html,71,Sant Kabir Nagar,0955,PCA CDB-0955-F-Census.xlsx
Uttar Pradesh,09,Houselisting-housing-UP.html,71,Sant Ravidas Nagar (Bhadohi),0967,PCA CDB-0967-F-Census.xlsx
Uttar Pradesh,09,Houselisting-housing-UP.html,71,Shahjahanpur,0921,PCA CDB-0921-F-Census.xlsx
Uttar Pradesh,09,Houselisting-housing-UP.html,71,Shrawasti,0950,PCA CDB-0950-F-Census.xlsx
Uttar Pradesh,09,Houselisting-housing-UP.html,71,Siddharthnagar,0953,PCA CDB-0953-F-Census.xlsx
Uttar Pradesh,09,Houselisting-housing-UP.html,71,Sitapur,0923,PCA CDB-0923-F-Census.xlsx
Uttar Pradesh,09,Houselisting-housing-UP.html,71,Sonbhadra,0969,PCA CDB-0969-F-Census.xlsx
Uttar Pradesh,09,Houselisting-housing-UP.html,71,Sultanpur,0948,PCA CDB-0948-F-Census.xlsx
Uttar Pradesh,09,Houselisting-housing-UP.html,71,Unnao,0925,PCA CDB-0925-F-Census.xlsx
Uttar Pradesh,09,Houselisting-housing-UP.html,71,Varanasi,0966,PCA CDB-0966-F-Census.xlsx
NCT of Delhi,07,Houselisting-housing-Delhi.html,7,East,0704,PCA CDB-0704-F-Census.xlsx
NCT of Delhi,07,Houselisting-housing-Delhi.html,7,North,0702,PCA CDB-0702-F-Census.xlsx
NCT of Delhi,07,Houselisting-housing-Delhi.html,7,North East,0703,PCA CDB-0703-F-Census.xlsx
NCT of Delhi,07,Houselisting-housing-Delhi.html,7,North West,0701,PCA CDB-0701-F-Census.xlsx
NCT of Delhi,07,Houselisting-housing-Delhi.html,7,South,0709,PCA CDB-0709-F-Census.xlsx
NCT of Delhi,07,Houselisting-housing-Delhi.html,7,South West,0708,PCA CDB-0708-F-Census.xlsx
NCT of Delhi,07,Houselisting-housing-Delhi.html,7,West,0707,PCA CDB-0707-F-Census.xlsx
Manipur,14,Houselisting-housing-MANIPUR.html,9,Bishnupur,1404,PCA CDB-1404-F-Census.xlsx
Manipur,14,Houselisting-housing-MANIPUR.html,9,Chandel,1409,PCA CDB-1409-F-Census.xlsx
Manipur,14,Houselisting-housing-MANIPUR.html,9,Churachandpur,1403,PCA CDB-1403-F-Census.xlsx
Manipur,14,Houselisting-housing-MANIPUR.html,9,Imphal East,1407,PCA CDB-1407-F-Census.xlsx
Manipur,14,Houselisting-housing-MANIPUR.html,9,Imphal West,1406,PCA CDB-1406-F-Census.xlsx
Manipur,14,Houselisting-housing-MANIPUR.html,9,Senapati,1401,PCA CDB-1401-F-Census.xlsx
Manipur,14,Houselisting-housing-MANIPUR.html,9,Tamenglong,1402,PCA CDB-1402-F-Census.xlsx
Manipur,14,Houselisting-housing-MANIPUR.html,9,Thoubal,1405,PCA CDB-1405-F-Census.xlsx
Manipur,14,Houselisting-housing-MANIPUR.html,9,Ukhrul,1408,PCA CDB-1408-F-Census.xlsx
Uttarakhand,05,Houselisting-housing-UK.html,13,Almora,0509,PCA CDB-0509-F-Census.xlsx
Uttarakhand,05,Houselisting-housing-UK.html,13,Bageshwar,0508,PCA CDB-0508-F-Census.xlsx
Uttarakhand,05,Houselisting-housing-UK.html,13,Chamoli,0502,PCA CDB-0502-F-Census.xlsx
Uttarakhand,05,Houselisting-housing-UK.html,13,Champawat,0510,PCA CDB-0510-F-Census.xlsx
Uttarakhand,05,Houselisting-housing-UK.html,13,Dehradun,0505,PCA CDB-0505-F-Census.xlsx
Uttarakhand,05,Houselisting-housing-UK.html,13,Garhwal,0506,PCA CDB-0506-F-Census.xlsx
Uttarakhand,05,Houselisting-housing-UK.html,13,Hardwar,0513,PCA CDB-0513-F-Census.xlsx
Uttarakhand,05,Houselisting-housing-UK.html,13,Nainital,0511,PCA CDB-0511-F-Census.xlsx
Uttarakhand,05,Houselisting-housing-UK.html,13,Pithoragarh,0507,PCA CDB-0507-F-Census.xlsx
Uttarakhand,05,Houselisting-housing-UK.html,13,Rudraprayag,0503,PCA CDB-0503-F-Census.xlsx
Uttarakhand,05,Houselisting-housing-UK.html,13,Tehri Garhwal,0504,PCA CDB-0504-F-Census.xlsx
Uttarakhand,05,Houselisting-housing-UK.html,13,Udham Singh Nagar,0512,PCA CDB-0512-F-Census.xlsx
Uttarakhand,05,Houselisting-housing-UK.html,13,Uttarkashi,0501,PCA CDB-0501-F-Census.xlsx
Goa,30,Houselisting-housing-Goa.html,2,North Goa,3001,PCA CDB-3001-F-Census.xlsx
Goa,30,Houselisting-housing-Goa.html,2,South Goa,3002,PCA CDB-3002-F-Census.xlsx
Meghalaya,17,Houselisting-housing-MEGHALAYA.html,7,East Garo Hills,1702,PCA CDB-1702-F-Census.xlsx
Meghalaya,17,Houselisting-housing-MEGHALAYA.html,7,East Khasi Hills,1706,PCA CDB-1706-F-Census.xlsx
Meghalaya,17,Houselisting-housing-MEGHALAYA.html,7,Jaintia Hills,1707,PCA CDB-1707-F-Census.xlsx
Meghalaya,17,Houselisting-housing-MEGHALAYA.html,7,Ribhoi,1705,PCA CDB-1705-F-Census.xlsx
Meghalaya,17,Houselisting-housing-MEGHALAYA.html,7,South Garo Hills,1703,PCA CDB-1703-F-Census.xlsx
Meghalaya,17,Houselisting-housing-MEGHALAYA.html,7,West Garo Hills,1701,PCA CDB-1701-F-Census.xlsx
Meghalaya,17,Houselisting-housing-MEGHALAYA.html,7,West Khasi Hills,1704,PCA CDB-1704-F-Census.xlsx
West Bengal,19,Houselisting-housing-WB.html,18,Bankura,1913,PCA CDB-1913-F-Census.xlsx
West Bengal,19,Houselisting-housing-WB.html,18,Barddhaman,1909,PCA CDB-1909-F-Census.xlsx
West Bengal,19,Houselisting-housing-WB.html,18,Birbhum,1908,PCA CDB-1908-F-Census.xlsx
West Bengal,19,Houselisting-housing-WB.html,18,Dakshin Dinajpur,1905,PCA CDB-1905-F-Census.xlsx
West Bengal,19,Houselisting-housing-WB.html,18,Darjiling,1901,PCA CDB-1901-F-Census.xlsx
West Bengal,19,Houselisting-housing-WB.html,18,Haora,1915,PCA CDB-1915-F-Census.xlsx
West Bengal,19,Houselisting-housing-WB.html,18,Hugli,1912,PCA CDB-1912-F-Census.xlsx
West Bengal,19,Houselisting-housing-WB.html,18,Jalpaiguri,1902,PCA CDB-1902-F-Census.xlsx
West Bengal,19,Houselisting-housing-WB.html,18,Koch Bihar,1903,PCA CDB-1903-F-Census.xlsx
West Bengal,19,Houselisting-housing-WB.html,18,Maldah,1906,PCA CDB-1906-F-Census.xlsx
West Bengal,19,Houselisting-housing-WB.html,18,Murshidabad,1907,PCA CDB-1907-F-Census.xlsx
West Bengal,19,Houselisting-housing-WB.html,18,Nadia,1910,PCA CDB-1910-F-Census.xlsx
West Bengal,19,Houselisting-housing-WB.html,18,North Twenty Four Parganas,1911,PCA CDB-1911-F-Census.xlsx
West Bengal,19,Houselisting-housing-WB.html,18,Paschim Medinipur,1918,PCA CDB-1918-F-Census.xlsx
West Bengal,19,Houselisting-housing-WB.html,18,Purba Medinipur,1919,PCA CDB-1919-F-Census.xlsx
West Bengal,19,Houselisting-housing-WB.html,18,Puruliya,1914,PCA CDB-1914-F-Census.xlsx
West Bengal,19,Houselisting-housing-WB.html,18,South Twenty Four Parganas,1917,PCA CDB-1917-F-Census.xlsx
West Bengal,19,Houselisting-housing-WB.html,18,Uttar Dinajpur,1904,PCA CDB-1904-F-Census.xlsx
Gujarat,24,Houselisting-housing-Gujarat.html,26,Ahmadabad,2407,PCA CDB-2407-F-Census.xlsx
Gujarat,24,Houselisting-housing-Gujarat.html,26,Amreli,2413,PCA CDB-2413-F-Census.xlsx
Gujarat,24,Houselisting-housing-Gujarat.html,26,Anand,2415,PCA CDB-2415-F-Census.xlsx
Gujarat,24,Houselisting-housing-Gujarat.html,26,Banas Kantha,2402,PCA CDB-2402-F-Census.xlsx
Gujarat,24,Houselisting-housing-Gujarat.html,26,Bharuch,2421,PCA CDB-2421-F-Census.xlsx
Gujarat,24,Houselisting-housing-Gujarat.html,26,Bhavnagar,2414,PCA CDB-2414-F-Census.xlsx
Gujarat,24,Houselisting-housing-Gujarat.html,26,Dohad,2418,PCA CDB-2418-F-Census.xlsx
Gujarat,24,Houselisting-housing-Gujarat.html,26,Gandhinagar,2406,PCA CDB-2406-F-Census.xlsx
Gujarat,24,Houselisting-housing-Gujarat.html,26,Jamnagar,2410,PCA CDB-2410-F-Census.xlsx
Gujarat,24,Houselisting-housing-Gujarat.html,26,Junagadh,2412,PCA CDB-2412-F-Census.xlsx
Gujarat,24,Houselisting-housing-Gujarat.html,26,Kachchh,2401,PCA CDB-2401-F-Census.xlsx
Gujarat,24,Houselisting-housing-Gujarat.html,26,Kheda,2416,PCA CDB-2416-F-Census.xlsx
Gujarat,24,Houselisting-housing-Gujarat.html,26,Mahesana,2404,PCA CDB-2404-F-Census.xlsx
Gujarat,24,Houselisting-housing-Gujarat.html,26,Narmada,2420,PCA CDB-2420-F-Census.xlsx
Gujarat,24,Houselisting-housing-Gujarat.html,26,Navsari,2423,PCA CDB-2423-F-Census.xlsx
Gujarat,24,Houselisting-housing-Gujarat.html,26,Panch Mahals,2417,PCA CDB-2417-F-Census.xlsx
Gujarat,24,Houselisting-housing-Gujarat.html,26,Patan,2403,PCA CDB-2403-F-Census.xlsx
Gujarat,24,Houselisting-housing-Gujarat.html,26,Porbandar,2411,PCA CDB-2411-F-Census.xlsx
Gujarat,24,Houselisting-housing-Gujarat.html,26,Rajkot,2409,PCA CDB-2409-F-Census.xlsx
Gujarat,24,Houselisting-housing-Gujarat.html,26,Sabar Kantha,2405,PCA CDB-2405-F-Census.xlsx
Gujarat,24,Houselisting-housing-Gujarat.html,26,Surat,2425,PCA CDB-2425-F-Census.xlsx
Gujarat,24,Houselisting-housing-Gujarat.html,26,Surendranagar,2408,PCA CDB-2408-F-Census.xlsx
Gujarat,24,Houselisting-housing-Gujarat.html,26,Tapi,2426,PCA CDB-2426-F-Census.xlsx
Gujarat,24,Houselisting-housing-Gujarat.html,26,The Dangs,2422,PCA CDB-2422-F-Census.xlsx
Gujarat,24,Houselisting-housing-Gujarat.html,26,Vadodara,2419,PCA CDB-2419-F-Census.xlsx
Gujarat,24,Houselisting-housing-Gujarat.html,26,Valsad,2424,PCA CDB-2424-F-Census.xlsx
Mizoram,15,Houselisting-housing-MIZORAM.html,8,Aizawl,1503,PCA CDB-1503-F-Census.xlsx
Mizoram,15,Houselisting-housing-MIZORAM.html,8,Champhai,1504,PCA CDB-1504-F-Census.xlsx
Mizoram,15,Houselisting-housing-MIZORAM.html,8,Kolasib,1502,PCA CDB-1502-F-Census.xlsx
Mizoram,15,Houselisting-housing-MIZORAM.html,8,Lawngtlai,1507,PCA CDB-1507-F-Census.xlsx
Mizoram,15,Houselisting-housing-MIZORAM.html,8,Lunglei,1506,PCA CDB-1506-F-Census.xlsx
Mizoram,15,Houselisting-housing-MIZORAM.html,8,Mamit,1501,PCA CDB-1501-F-Census.xlsx
Mizoram,15,Houselisting-housing-MIZORAM.html,8,Saiha,1508,PCA CDB-1508-F-Census.xlsx
Mizoram,15,Houselisting-housing-MIZORAM.html,8,Serchhip,1505,PCA CDB-1505-F-Census.xlsx
